<?xml version="1.0" encoding="UTF-8"?>
<EnviarLoteRpsSincronoEnvio xmlns="http://www.abrasf.org.br/nfse.xsd" xmlns:xsi="http://www.w3.org/2001/XMLSchema-instance" xsi:schemaLocation="http://www.abrasf.org.br/nfse.xsd">
	<LoteRps versao="2.02">
		<NumeroLote/>
		<CpfCnpj>
			<Cpf/>
		</CpfCnpj>
		<QuantidadeRps/>
		<ListaRps>
			<Rps>
				<InfDeclaracaoPrestacaoServico>
					<Competencia/>
					<Servico>
						<Valores>
							<ValorServicos/>
						</Valores>
						<IssRetido/>
						<ItemListaServico/>
						<Discriminacao/>
						<CodigoMunicipio/>
						<ExigibilidadeISS/>
					</Servico>
					<Prestador/>
					<OptanteSimplesNacional/>
					<IncentivoFiscal/>
				</InfDeclaracaoPrestacaoServico>
			</Rps>
		</ListaRps>
	</LoteRps>
</EnviarLoteRpsSincronoEnvio>
