<?xml version="1.0" encoding="UTF-8"?>
<SubstituirNfseEnvio xmlns="http://www.abrasf.org.br/nfse.xsd" xmlns:xsi="http://www.w3.org/2001/XMLSchema-instance" xsi:schemaLocation="http://www.abrasf.org.br/nfse.xsd">
	<SubstituicaoNfse>
		<Pedido>
			<InfPedidoCancelamento>
				<IdentificacaoNfse>
					<Numero/>
					<CpfCnpj>
						<Cpf/>
					</CpfCnpj>
					<CodigoMunicipio/>
				</IdentificacaoNfse>
			</InfPedidoCancelamento>
		</Pedido>
		<Rps>
			<InfDeclaracaoPrestacaoServico>
				<Competencia/>
				<Servico>
					<Valores>
						<ValorServicos/>
					</Valores>
					<IssRetido/>
					<ItemListaServico/>
					<Discriminacao/>
					<CodigoMunicipio/>
					<ExigibilidadeISS/>
				</Servico>
				<Prestador/>
				<OptanteSimplesNacional/>
				<IncentivoFiscal/>
			</InfDeclaracaoPrestacaoServico>
		</Rps>
	</SubstituicaoNfse>
</SubstituirNfseEnvio>
